doc.user.name.keyword: Ascending;Count
!;1
#4thODIDoubleTonLoading🇮🇳;1
#@sarath~*;1
#AlwaysWithPK;1
#Arjunsuravaram | NIKHIL FANS;1
#BleedBlue 💙🇮🇳💙;1
#CWC19 #ENGvNZ AFGvWI #PAKvBAN #PAKvBAN #PAKvsAFG;1
#CWC19 namde😈;1
#EpicBlockbusterMaharshi🇮🇳;1
#GotRajinified;1
#HBDThalaDhoni;1
#INDvWI #INDvBAN #INDvSL #INDvENG #CWC19;1
#JusticeforTwinkle;1
#Krishh#;1
#LayegatohKohlihi;1
#MODI 2.O #VTD_EkantBhai;1
#MananFan;1
#MeninBlueSticktogetherlikeGlue;1
#NKP 👑;1
#NaanUrKaavalkaaranउमेदमेहतादेशकेलिये;1
#NehzWrites;1
#Ps;1
#RANJAN SRIVASTAVA;1
#RamCharan No 1;1
#SSMB26 #SariLeru_Neekevvaru••💖💖••*!!;1
#Sheheryaar #Khattak 🇵🇰;1
#TeamIndia #PAKvBAN #INDvSL #INDvsSL #CWC19;1
#TeamIndia. 💙;1
#WIN;1
#WeHaveWeWill;1
#WinterIsComing;1
#With Pk;1
#bsingh_💪;1
#kalai_sfc.;1
#salmanahmad 🇵🇰;1
#प्रहरी दिनेश जोशी;1
#⃣RC Addictor™😎;1
$!Dd M@h@D!k;1
$#@$#! STUNNER;1
$@+€€$#;1
$K™ Dabangg3✌;1
$allu;1
$iddh@rth;1
$w€€T¥;1
$சோழ~சூரியன்$;1
$🅰KśhÎ__$@ğ🅰LģïĽƏ.;1
';1
'i' am Mohith🔥;1
((FlatulenceWapsi)) 🇮🇳;1
(Rajput) भारत माता की जय 🇮🇳🙏;1
(^o^);1
(un)socialbutterfly;1
(फियर को : पार कर);1
*;1
*Naaz*;1
*குக்கூ*;1
.....;1
.·°¯°·.¸.- му ωαу му яυℓє -.¸.·°¯°·.,;1
.🇵🇰;1
.💛🍀SWEETY🍀💛.Risk Everything.Regret Nothing.;1
/\/\.E./-\.{~};1
0105ajithkumar;1
1/2 punch man;1
100rab;1
12;1
12th Man Akash 🇮🇳;1
19 YEARS OF KAREENA;1
200k;1
24 News HD;1
24 News Sports;1
3§;1
6NN;1
7-0;1
70mmcinemas;1
:-);1
@ कुँo विश्वजीत राणा;1
@Ashim Mansuri;1
@BollywoodChocolate;1
@Chapa Govardhan;1
@Neeraj Chaurasiya;1
@Sanjay Rajput;1
@Sylv&Swzrg;1
@With RG Durgesh Pandey;1
@dindayalmunda01;1
@gyanendra mohanty;1
@imsrk;1
@m@n;1
@siddmahadik7;1
@thug_ass_huramii;1
@tridib_mistri;1
@vilambi;1
A B H A Y;1
A N I L;1
A P V;1
A Y E S H A 🇵🇰;1
A mega fan;1
A staunch INDIAN;1
A 💜\\ 20 days 🎈🥳;1
A$hA;1
A.Deep꧁❀Singh is King❀꧂;1
A.K;1
A.Rajendiran;1
AAkash Sonkar;1
AB;1
AB Williamson 🇳🇿;1
ABHAYAGARWAL;1
ABHI;1
ABHINAV;1
ABHISHEK;1
ABHISHEK AGNIHOTRI;1
ABHISHEK BISWAS;1
ABHISHEK GOUTAM;1
ABHISHEK KUMAR GUPTA;1
ABHISHEK SAMRAT;1
ABHISHEK SHARMA;1
ABHI🇮🇳 N I M PROUD 2 BE AN INDIAN🇮🇳;1
ABP Ananda;1
ABP माझा;1
ADA₹$H THAKUR;1
ADITYA DEVRAJ;1
AFP Sport;1
AGK 75 Vlogs;1
AH Santo 🇧🇩;1
AJ;1
AJAY MALANI (AJ);1
AJAYKUMAR UDAYRAJ YADAV🇮🇳;1
AJITH SHIVARAJ;1
AJITHIYAN KARTHIᴺᴷᴾ;1
AJITHism™❤️ᶰᵏᵖ;1
AK;1
AK SKBLOOD MANI ᴺᴷᴾ;1
AK Shalmeen;1
AK Singh Rajpurohit;1
AK47;1
AKASH MALVI;1
AKASH PANJA😎;1
AKHIL K;1
AKKI SR;1
AKS;1
AKS THALA;1
AKSHAY;1
ALOK KATHURIA;1
AMAR HINDUSTANI;1
AMARVEER SINGH;1
AMCVisionTechnologies;1
AMIT DAS;1
AMITKUMAR M  PATIL;1
ANAND CHATURVEDI;1
ANDALIB  عنْدَلِيْب سُلْطانْبُوْرِي;1
ANIL KUMAR PANDEY BJP;1
ANIL NEGI;1
ANKIT SINGH;1
ANKUSH JAIN;1
ANKUSH NAGPAL;1
ANURAAG;1
ANURAG PANDEY🇮🇳;1
AP Sports;1
APowerfulGirl;1
ARUN PATRA;1
ASANGA;1
ASHIK 🇮🇳‎ ‎علی;1
ASHUTOSH;1
ASHUTOSH SINGH;1
ASK;1
ATrendHub;1
AVI NASH;1
AVINASH SINGH;1
AVNIJESH;1
A_L_C_H_O_H_A_L 💯💫🔥⚡;1
A_V__D;1
Aadarsh Sejwal;1
Aadesh Dedha Gurjar;1
Aadil Ali;1
Aaditya Aggarwal;1
Aafia;1
Aahira_Aadeez;1
Aaj News Urdu;1
Aakanksha Chhokra;1
Aakash Biswas;1
Aakash Chopra;1
Aakash ChupReh;1
Aakashavaani;1
Aalok;1
Aami Sreejita;1
Aamit Awasthi;1
Aamod Oak LUHG;1
Aaram;1
Aariz Rizvi;1
Aarohi Tripathy 🇮🇳;1
Aarushi Singhi;1
Aarushi 🇮🇳;1
Aarya;1
Aarzoo;1
Aashay Gunjal;1
Aashay Sao;1
Aashi;1
Aashish;1
Aashish Chandorkar;1
Aashish Kalyan🇮🇳आशीष कल्याण ਆਸ਼ੀਸ਼ ਕਲਿਆਣ;1
Aashish Palod;1
Aasim W Sadqui;1
Aasmani;1
Aatish;1
Aawaara Bhatakya;1
Aayush Gupta;1
Aayush Ladia;1
Aayush Shah;1
Aayushi Singh Raghuvanshi🇮🇳;1
Aazim Pasha;1
Aazim Saifi;1
AbHi Sh He Ek;1
Abbasi♥️;1
Abdul Haye;1
Abdul N;1
Abdul Qadir ابومحمد عبدالقادر;1
Abdullah Almohammadi;1
Abdullah Mughal;1
Abdur Rehman Bin Asad;1
Abe Wisoky;1
Abhash;1
Abhay Pandey;1
Abhay agarwal;1
Abhay chaturvedi;1
Abhay 🇮🇳;1
Abhaya;1
Abhi Sharma;1
Abhi bhullar;1
Abhi@;1
Abhii;1
Abhijeet;1
Abhijeet Anand;1
Abhijeet Mukherjee;1
Abhijit Chaudhari;1
Abhijit Sawant;1
Abhijit Tembhekar;1
Abhijit the AKS;1
Abhijit 🇮🇳🔰;1
Abhijith;1
Abhilash M;1
Abhilash Panda;1
Abhilash Pradhan;1
Abhilash kale;1
Abhimanyu Kulkarni;1
Abhinandan;1
Abhinav Jha;1
Abhinav Sharma (भारत)🇮🇳;1
Abhinav Shukla;1
Abhinav kaka;1
Abhinaya;1
Abhipsa;1
Abhiraaj chaudhary;1
Abhiram Padala;1
Abhisek;1
Abhisek Singh;1
Abhisha;1
Abhishek Choudhari;1
Abhishek Das;1
Abhishek Denver;1
Abhishek Dutta;1
Abhishek G;1
Abhishek Gaur;1
Abhishek Jha;1
Abhishek K Gautam;1
Abhishek Kadam;1
Abhishek Khare ||LS||;1
Abhishek Krishna Srivastava;1
Abhishek Manda;1
Abhishek Manna;1
Abhishek Mishra;1
Abhishek Nayak;1
Abhishek Padmanabhan Nair;1
Abhishek Rathaur;1
Abhishek Razdan;1
Abhishek Sahu🇮🇳;1
Abhishek Sanghvi;1
Abhishek Sharma;1
Abhishek Sirothiya;1
Abhishek Upadhayay;1
Abhishek dixit;1
Abhishek kumar sahu;1
Abhishek saxena;1
Abhishek shirke;1
Abhishek singh Vasist;1
Abhishek yadav;1
Abhishek 🇮🇳;1
Abilash Kumar;1
Abishek Ragupathy;1
Abjithbhargav;1
Abneesh Rajput;1
Abrahmashree;1
Accidental Engineer;1
Accidental _Indian🇮🇳;1
Acharya Dharam shastri;1
Achyut Prakash;1
Adarsh Chauhan;1
Adarsh Jha🇮🇳;1
Adarsh Koundinya;1
Adarsh Pratap Singh;1
Adarsh Tiwari;1
Aden khan;1
Adesh Sharma;1
Adi;1
Adiakki;1
Adil Raies;1
Aditya Alok;1
Aditya Bhardwaj;1
Aditya Bidwai;1
Aditya Deshpande;1
Aditya Dikshit;1
Aditya Iyer;1
Aditya Kumar Singh;1
Aditya Madan;1
Aditya Nair;1
Aditya Raj 🇮🇳🚩;1
Aditya Shukla;1
Aditya V. Negi;1
Aditya Vikram;1
Adrenaline;1
Adv Hrishikesh Deshmukh;1
Advay Pawar;1
Advitiya Srivastava;1
Adwin;1
Adyaveer;1
Aeishwariya;1
Afrid Raja;1
Afzal;1
AfzalKhanINC;1
Agent Michael Scarn;1
Agnelo Silveira;1
Agnimitra Ghosh;1
Agniva mitra;1
Agnyaatavaasi💔;1
Ahmad Awsaf;1
Ahmad Bari;1
Ahmad Raza;1
Ahmed Medhat;1
Ahmed Naveed;1
Ahmed Raza Khan;1
Ahmedabad Mirror;1
Ahnedshuail2;1
Ahsan;1
Aien;1
Ailsor;1
Aisha Tariq🇵🇰;1
Aishwariya Tiwari;1
Aishwarrya;1
Aishwarya Jain;1
Aiyaz Ahmed;1
Aiyosalli 🇱🇰;1
Aj Arun;1
Ajaay Sharrma;1
Ajay Agrawal;1
Ajay Ahir;1
Ajay Chavan;1
Ajay Dubey 🇮🇳;1
Ajay Gupta;1
Ajay Jethani;1
Ajay Kaul;1
Ajay Kumaar;1
Ajay Kumar;1
Ajay Mishra #VijayBharat;1
Ajay Pathak;1
Ajay Prajapati;1
Ajay Pratap Singh;1
Ajay Shrivastva;1
Ajay kumar;1
Ajay singh bisth fan club;1
Ajay yadav;1
Ajaykumar;1
Ajaykumar Moparthi;1
Ajendra Kumar Sharma;1
Ajinkya;1
Ajit Kumar Biaoyi;1
Ajit Singh;1
Ajith;1
Ajith Ak;1
Ajithkumar.B;1
Ajmeri Poet;1
Akanksha Bajpai;1
Akanksha Jain;1
Akanksha☄;1
Akash Choplot;1
Akash Goswami;1
Akash Kukreti;1
Akash Kushwaha;1
Akash Mehra;1
Akash Singh Verma;1
Akash Tiwari;1
Akash ghosh;1
Akash singh;1
AkashPorwal/आकाश पोरवाल;1
Akhil Bharali;1
Akhil Gupta;1
Akhil Naithani;1
Akhil kumar;1
Akhilesh Bind;1
Akhilesh Chowdary;1
Akhilesh Dhar;1
Akhilraj;1
Akil imran;1
Akil tharshan;1
Akila;1
Akram Khan;1
Akshat;1
Akshat Solanki;1
Akshay Deshmukh;1
Akshay K V;1
Akshay KV;1
Akshay Mane;1
Akshay Marathe;1
Akshay Naidu;1
Akshay Pandey;1
Akshay Sharma;1
Akshay Soni🇮🇳;1
Akshay Spr;1
Akshay Waghmare;1
Akshaya ❤;1
Akshta Nilabh;1
AlAuDDiN KHILJI;1
Alaguraja ɴᴋᴘ;1
Alankrit;1
Alekya;1
Alex Gulbis;1
Alexander R;1
Ali Haq Nawaz;1
Ali Hussain Khan;1
Alia Dalwai;1
Alia Vs Pappu Jokes;1
Alkesh;1
Alla Maadarchod;1
Allu Praveen;1
Alok Barmaiya;1
Alok Bavadekar;1
Alok Bihani;1
Alok Chandra;1
Alok Kumar Chaudhury;1
Alok Nath Tiwari;1
Alok Srivastava;1
Alok Verma🇮🇳🇮🇳;1
Alok raj;1
AlphaBe;1
Alter Ego;1
Alvin Sabu;1
Always Nani Fans™;1
Always sleep before exams;1
Aly;1
AmMaD;1
AmOl KolHe 🇮🇳;1
Amaan khan;1
Amal Kulamada;1
Aman Ghosh;1
Aman Kumar Singh;1
Aman Saini;1
Aman Saxena;1
Aman Shivhare;1
Aman Verma;1
Aman singh;1
Aman 🇮🇳;1
Amanster;1
Amari✗✗✗;1
Amarjeet Kumar;1
Amarnath Pandiaraj;1
Amartya;1
Ambedkar K;1
Amena Begum;1
Amerh🎼♥️.;1
Amerpreet Atwal;1
Amey;1
Amina Binta Shahid;1
Amir Ali 🇵🇰;1
Amish Tripathi;1
Amit  Singh;1
Amit Aashoo;1
Amit Chakraborty;1
Amit Champaneri;1
Amit Chauhan;1
Amit Chavda;1
Amit Giri;1
Amit Kr Jha;1
Amit Kr Singh;1
Amit Kulkarni;1
Amit Kumar;1
Amit Mehta;1
Amit Mishra (अमित मिश्र);1
Amit Pandey☄️پانڈا;1
Amit Popat;1
Amit Pujara;1
Amit Salunkhe;1
Amit Sampat;1
Amit Singh;1
Amit Yadav;1
Amit godiyal;1
Amit 😎;1
Amita Arya;1
Amita Ranjan;1
Amlendra verma🇮🇳;1
Amna;1
Amod Pathak;1
Amoeba;1
Amol Bhavake;1
Amol Nishad;1
Amol Patel;1
Amol Sarnaik;1
Amrendra Dubey;1
Amrit Raj;1
Amrita;1
Amrita Sanghi;1
Amritpal singh;1
Amrut;1
Amrutha (MonAli ❤️);1
Amush Booshe;1
Amy DZ;1
An Engineer;1
Anabil Bhattacharya;1
Anand Aman;1
Anand Jha;1
Anand Kumar Singh;1
Anand Sharma Advocate;1
Anand Singh™;1
Anand Vasu;1
Anand kumar;1
Anand kumar🇮🇳;1
AnandTendulkar💚;1
Anant;1
Ananth babu🇮🇳;1
Anas Khan;1
Anay Mishra;1
Anbu;1
Anbu Surya;1
Anbu-VJ;1
Anchal 🖤🐼;1
Anees Hanif;1
Anees Raza;1
Angana 😎😏;1
Angi;1
Angry Indian;1
Anika Gupta;1
Aniket Bhawkar;1
Aniket Choudhari;1
Aniket Hanumante;1
Aniket modi;1
Aniket 🇮🇳;1
Anil Acharya;1
Anil Dsouza;1
Anil Khanna 🇮🇳;1
Anil Mishra;1
Anil Sasmal;1
Anil Sharma;1
Anil jangir;1
Anil yadav;1
Anil 🇮🇳;1
Animesh  Singh;1
Animesh Indra;1
Animesh Mishra;1
Animesh Salewala;1
Animesh Sharma 🇮🇳;1
Anirban Mandal;1
Anirban Paul;1
Aniruddha Joshi;1
Anirudh Rachuri;1
Anirudh Sharma;1
Anish Gadekar;1
Anish Mainali;1
Anisha;1
Anita Chauhan;1
Anita N.;1
Anjallii Pathak;1
Anju Sangroha;1
AnkiT;1
Ankit #BleedBlue Shah;1
Ankit Bijalwan;1
Ankit Choudhary;1
Ankit Giri;1
Ankit Hindu;1
Ankit Khandelwal;1
Ankit Malpani;1
Ankit Mishra;1
Ankit Prakash Ching;1
Ankit Raj;1
Ankit Singh;1
Ankit Thakur;1
Ankit shukla™;1
Ankit 🧐;1
Ankita ..;1
Ankita Awasthi;1
Ankita!👑;1
Ankur Jha;1
Ankur SRK;1
Ankur Somvanshi;1
Ankur_Nigam;1
Anmol Garg;1
Anmol Pathak;1
AnnU Ma£!k;1
Annamalai (Suchu);1
Annepu Ramu;1
Anni Dedha;1
AnnieJo;1
Annu;1
Anonymous;1
Anoop Chathoth;1
Anoop Dixit;1
Anoop Menon 🇮🇳;1
Anoop Pachauri;1
Anoop Sharma;1
Anshikha Jayswal;1
Anshu Mathur;1
Anshu Verma;1
Anshul Dhingra;1
Anshul Jasani;1
Anshul Mahajan;1
Anshul Mishra;1
Anshul Saigal;1
Anshul Saxena;1
Anshul Sharma;1
Anshul Srivastava;1
Anshuman Mani Tripathi;1
Ansil Nadeem;1
Antara;1
Anthoni;1
Antithesis;1
Antony Jr;1
Anubhav;1
Anuj;1
Anuj Chaturvedi;1
Anuj 🇮🇳;1
Anukul Das;1
Anunayachauhan;1
Anup Athavale;1
Anup Jain;1
Anup Pandey;1
Anup Singh;1
Anupam Kumar;1
Anupam Singh;1
Anuradha;1
Anuradha Damale 🚀✨;1
Anurag Harsh;1
Anurag Jain;1
Anurag Kumar Gupta;1
Anurag Mishra;1
Anurag Pandey;1
Anurag Raj Trivedi;1
Anurag Rekhi;1
Anurag Yadav ਅਨੁਰਾਗ ਯਾਦਵ;1
Anurag singh;1
Anurag अनुराग ‏انوراگ;1
Anuvrat Brhamchari;1
Anvi;1
Anvita🌸🌟🍁;1
Anwer Ismail Rahimoo;1
Anwesh Shiv;1
Apeksha Phadtare;1
Apoorv Bishnoi;1
Apoorv Jain;1
Apoorv Sharma;1
Apoorva Sheth;1
Apoorva 🇮🇳;1
Apple Pie Order;1
Apprentice;1
Aprameya Hebbar;1
Aqib Mansoor;1
ArAVinD MaSs 💛🦁;1
Araib Ali Baig;1
Arasu_vj;1
Arav_debonair;1
Aravind 2.0 🤘;1
Aravind Chaudhari;1
Aravind GM;1
Aravind Pai;1
Aravind Smarter;1
Aravind tarak;1
Aravindh Allu;1
Archana;1
Archit Kapoor;1
Archit Mehta;1
Arey Dada!!! 🖊️;1
Arghya Das;1
Arghyadip Manna;1
AriF Hossain Tamim 🇧🇩🏏;1
Arijit;1
Arindam Saha;1
Arisonu;1
Arjan Singh;1
Arjav Mehta;1
Arjun Bhatt;1
Arnav;1
Arnav Nagayech;1
Arpan Satpathy;1
Arpit;1
Arpit Saxena;1
Arpit Tiwari;1
Arpit patidar;1
Arpita Thakur;1
Arsa❤🏏;1
Arslan Ahmed;1
Arthav Chari;1
Artificial Intelligence;1
Arun Anand;1
Arun Gupta;1
Arun Kumar Sharma;1
Arun Kumar VS;1
Arun LoL;1
Arun Muthu Vijay45;1
Arun Rajbhar;1
Arun Venugopal;1
ArunashriThangaraj;1
Arundhati Chatterjee;1
Arunima;1
Arvind  🇮🇳;1
Arvind Kumar Jha;1
Arvind Patel;1
Arvind Prajapati;1
Arvind Raj;1
Arvind Thakur;1
Arvind kumar;1
Arvind yaday;1
Arya Tiwari;1
Aryan Gupta;1
Arya⛳;1
Asad;1
Asad Rauf 🇵🇰;1
Asal S snowin;1
Ash;1
Ash J;1
Ash Raf;1
Ashiniᴺᴷᴾ;1
Ashis Bose;1
Ashish Agarwal;1
Ashish Aggarwal;1
Ashish Aswath;1
Ashish Bhattacharya;1
Ashish Gupta;1
Ashish Jaiswal;1
Ashish Jha;1
Ashish Joshi;1
Ashish Kumar;1
Ashish Prakash Pasbola;1
Ashish Raj;1
Ashish Rana;1
Ashish Sachdeva;1
Ashish Saxena 🚩🇮🇳;1
Ashish Sharma;1
Ashish Verma;1
Ashish kumar choubay;1
Ashish ranjan;1
Ashit Acharya;1
AshitSharma;1
Ashk Ali Tak अश्कअली टाक اشک  علی ٹاک;1
Ashlesha;1
Ashley Benjamin;1
Ashok Chauhan🇮🇳🇮🇳;1
Ashok K Singh;1
Ashok Kumar;1
Ashok Narayanan;1
Ashok Raghavan;1
Ashok_Chaturvedi;1
Ashraful Islam Rafi;1
Ashrut Agarwal;1
Ashteek;1
Ashutosh;1
Ashutosh ');1
Ashutosh Dwivedi (Ashu);1
Ashutosh Kumar;1
Ashutosh Limaye;1
Ashutosh Pandey 🇮🇳;1
Ashutosh Sharma;1
Ashutosh Tripathi;1
Ashutosh Varma;1
Ashutosh kale;1
AshwaKarnik 97;1
Ashwin;1
Ashwin Anna Fans;1
Ashwin Murali;1
Ashwin Naraayan;1
Ashwin Sharma;1
Ashwin Widge;1
Ashwini_DacchuChandu;1
Asish Sharma;1
Asmita;1
Asrani;1
Ast;1
Astronaut 🐒;1
Aswin Dev;1
Ateet Shah;1
Athawale Akshaykumar;1
Atheist_Gooner;1
Atish Mukherjee;1
Atrocious Boy ︻╦╤──🚩;1
Atul Dwivedi;1
Atul Gupta;1
Atul Kushwaha;1
Atul Mishra;1
Atul Pahwa;1
Atul Pandey;1
Atul Shinh;1
Atul_005😍;1
AutismFather;1
Avadhoot Patwardhan;1
Avantika Srivastava;1
Avenger;1
Avi 🇮🇳;1
Avijit Karmakar;1
Avinash Dixit;1
Avinash Giri;1
Avinash Gupta;1
Avinash Joshi;1
Avinash Kalepu™;1
Avinash Kumar;1
Avinash Singh (अविनाश सिंह );1
Avinash Singh 🦁 #GlazersOut 🔰;1
Avinash Yadav;1
Avinash dhanush;1
Avinash@090;1
Avinash_Kmr_Atish;1
Avneil;1
Awara Pagal;1
Awkward Earthling ™;1
Axcy ⎊;1
Ay Caramba;1
AyAj ShArmA;1
Ayaan Rocks;1
Ayan Dutta;1
Ayan Mitra;1
Ayesh 🖤;1
Ayesha;1
Ayesha K.G;1
Aysha Speaks;1
Ayush Biyani;1
Ayush Gangaul;1
Ayush Mahajan;1
Ayush Mehta;1
Ayush Parashar;1
Ayush Raj;1
Ayush Sharma;1
Ayush Singh;1
Ayush Srivastava;1
Ayushmaan Singh;1
Ayushman Basu;1
Azharuddin Hyderabadi;1
Azor Ahai;1
Azzu 🇮🇳;1
Azzy_45;1
AĶąśh GõęĹ;1
AŠąŁ VïÇKÿ;1
Aвтоматический Joy;1
B G KRISHNA;1
B!k@l_¶;1
B.;1
B.B;1
B.K.;1
B.K.Kumar;1
B.Kumar;1
B.Sharon;1
B@nd!$h Vor@;1
BALAJI PIMPARE;1
BATMAN;1
BB;1
BBC News Hindi;1
BEING SUHAIL 18🇮🇳🇵🇸🇸🇩🇹🇷;1
BHANU☀️🚩;1
BHARAT 🇮🇳;1
BIGG BOSS 3 💙;1
BIGIL RAMA MSD;1
BIGIL_THAMIZH;1
BINAY SALMAN SRK;1
BISWA RANJAN MOHANTY;1
BJP ISANPUR;1
BJP Maninagar;1
BJP PRAMOD KU JAIN;1
BJP Pratapgarh;1
BJYM Punjab;1
BONY BONY;1
BOOPATHI💞;1
BTS(JIN);1
BaagiSoch;1
Baba tony;1
Bablu;1
Babu;1
Babu Das satsahib;1
Bae_Akal;1
Baek's_ਪੰਜਾਬਣ In CiTy ਲਾਈਟਸ🌠⚡❤️;1
Baekhyunity || City lights;1
Baji Rc;1
Bakchod Billi;1
Baklol;1
Bala;1
Bala Kumar;1
Bala Thala;1
Balachander;1
Balajee;1
Balaji;1
Balaji Bagadi;1
Balaji Duraisamy;1
Balaji Ramanujam;1
Balaji Rohit;1
Balam Negi;1
Ball Boy;1
Balraj Palepu;1
Balwant Singh Bisth;1
Bangali Babu;1
Bangalore Mirror;1
Bangtan_ARMY_Onna T~T;1
Bansi Kaneriya.;1
Bantu Saikiran;1
Barfi;1
Basant Bhoruka🇮🇳;1
Basant kumar (basu);1
Basanti Behera✨✨;1
Basavaraddi Navalli;1
Basavaraj V G;1
Basha22;1
Basit Ali;1
Batakrushna Pradhan;1
Batori World;1
Bb;1
Be Logical Idiots;1
Be Raees....;1
Be strong;1
Bearded Trainer;1
Beauty;1
Behindwoods;1
Being ABHAY;1
Being Haryanvi;1
Being Malik;1
Being Nawaz;1
Being RishabhSharma;1
Being_Devil;1
Being_Indian;1
Bengoli Dada;1
Benny;1
Bhagat Singh;1
Bhagwan Prasad Gaur;1
Bhagwan Ram Paliyal Narwa;1
Bhakt Reddy 🇮🇳;1
Bhanu Pratap Shahi;1
Bhanu Pratap Singh;1
Bhanu Thakur 🇮🇳;1
Bhanuprakashdamuluri;1
Bhanwar Singh Bhati;1
Bharadwaj;1
Bharat  🇮🇳;1
Bharat Chawla;1
Bharat Pandya;1
Bharat Patel;1
Bharat Soni;1
Bharat!;1
BharatVasi The Indian;1
Bharath;1
Bharath Kavin ᴺᴷᴾ;1
Bharath Ramaraj;1
Bharath Ravi;1
Bharath Relli 🚶🚶;1
Bharath kalyan;1
Bharath kumar K R;1
Bharath అనబడే Bhanu;1
Bharathi Periyasamy📸;1
Bharath🃏;1
Bhargav;1
Bhargav Vamsi;1
Bhaskar Chawla;1
Bhaskar Dubey INC;1
Bhaskar Joshi 🇮🇳;1
Bhaskaran Mahesh;1
Bhaswitha♡;1
Bhaumik;1
Bhavana Rao;1
Bhavesh Tolani;1
Bhavesh99T;1
Bhavik Malekar;1
Bhavika Tolani;1
Bhavin Garg;1
Bhavini Sata;1
Bhavya;1
Bhavya Udani;1
Bhavya✨;1
Bheem Chand;1
Bheja Fry;1
Bhikhu Bavariya;1
Bholi Bhali Ladki💮;1
Bhoot👻☠️;1
Bhrustrated;1
Bhumija;1
Bhushan Kamble;1
Bhuvaneshwari Kumar;1
BiGiL🔥MuKiL 😎;1
Bianca;1
Bibek Chettri;1
Bibhash_Mandal;1
Bibhu Film Critic 🇮🇳⏺;1
Bibliophile Guy;1
BigBrother;1
BigiL NaviN;1
Bigil Goutham;1
Bigil Gublu;1
Bigil Tom Cruise;1
Bigil 🔥🎉;1
Bigil🥳 ᴺᴷ;1
Bigyan Pokhrel;1
Biidoo;1
Bijesh Gupta🇳🇵;1
Biju G;1
